SET FOREIGN_KEY_CHECKS = 0;


INSERT INTO Orders (Order_ID, Customer_ID, Order_Date, Order_Total, Order_Qty, Order_Ratings)
VALUES (9, 'CUS1', '2023-03-17 10:30:00', 32.97, 3, 0),
(10, 'CUS2', '2023-03-17 11:45:00', 24.98, 2, 1),
(11, 'CUS3', '2023-03-17 12:15:00', 57.95, 5, 2),
(12, 'CUS4', '2023-03-17 13:30:00', 41.97, 3, 2),
(13, 'CUS5', '2023-03-17 14:00:00', 35.96, 2, 3),
(14, 'CUS6', '2023-03-17 16:30:00', 22.97, 1, 4),
(15, 'CUS7', '2023-03-17 18:00:00', 45.96, 4, 4),
(16, 'CUS8', '2023-03-17 20:15:00', 51.95, 5, 5);


INSERT INTO Order_Item (Order_ID, item_ID, item_Quantity)
VALUES (9, 3001, 1),
(9, 100, 2),
(10, 3004, 1),
(10, 203, 1),
(11, 4000, 2),
(11, 202, 1),
(11, 204, 2),
(11, 101, 1),
(12, 3005, 1),
(12, 103, 1),
(12, 104, 2),
(13, 3003, 1),
(13, 202, 1),
(14, 3002, 1),
(15, 4005, 2),
(15, 203, 2),
(16, 4001, 1),
(16, 3008, 1),
(16, 102, 2);

-- Insert into Payment table
INSERT INTO Payment (Invoice_Num, MOP, Order_ID, Customer_ID, Order_Date, Amount_Paid)
VALUES ('202303171030009', 'Card', 9, 'CUS1', '2023-03-17', 32.97),
('2023031711450010', 'Cash', 10, 'CUS2', '2023-03-17', 24.98),
('2023031712150011', 'Card', 11, 'CUS3', '2023-03-17', 57.95),
('2023031713300012', 'Cash', 12, 'CUS4', '2023-03-17', 41.97),
('2023031714000013', 'Card', 13, 'CUS5', '2023-03-17', 35.96),
('2023031716300014', 'Cash', 14, 'CUS6', '2023-03-17', 22.97),
('2023031718000015', 'Card', 15, 'CUS7', '2023-03-17', 45.96),
('2023031720150016', 'Cash', 16, 'CUS8', '2023-03-17', 51.95);

INSERT INTO Order_Status (Order_ID, Order_Status)
VALUES (9, 'Ready'),
       (10, 'Ready'),
       (11, 'Ready'),
       (12, 'Ready'),
       (13, 'Ready'),
       (14, 'Ready'),
       (15, 'Ready'),
       (16, 'Ready');


SET FOREIGN_KEY_CHECKS = 1;